"ID","Description","GeneRatio","BgRatio","pvalue","p.adjust","qvalue","geneID","Count"
"ko04112","Cell cycle - Caulobacter [PATH:ko04112]","19/1572","63/12410",0.000196267738115215,0.0271553882852476,0.0266789779644538,"gene=podJ/gene=cpdR_2/gene=lon/gene=clpP_1/gene=clpP_4/gene=murG/gene=ftsZ_1/gene=ftsW_4/gene=ftsW_1/gene=ftsW/gene=mmpA/gene=dnaA/gene=clpP_2/gene=murG_4/gene=rasP/gene=dnaB_1/gene=cckA_2/gene=pleD/gene=dnaC",19
"ko03420","Nucleotide excision repair [PATH:ko03420]","12/1572","31/12410",0.000226294902377063,0.0271553882852476,0.0266789779644538,"gene=uvrC_1/gene=uvrB_2/gene=uvrD2_2/gene=uvrD1/gene=uvrA_1/gene=polA_2/gene=uvrA/gene=ligA_1/gene=uvrC/gene=pcrA_2/gene=uvrD2/gene=uvrB",12
"ko00520","Amino sugar and nucleotide sugar metabolism [PATH:ko00520]","50/1572","259/12410",0.00140503742420917,0.112402993936733,0.110431011586966,"gene=manA/gene=glgC_2/gene=nagZ_4/gene=murQ/gene=legI/gene=murB/gene=manA_2/gene=nagA/gene=lnpD/gene=glmU_1/gene=galE_2/gene=gmd_2/gene=nanE_1/gene=chiA1/gene=wbgU_2/gene=mak/gene=wecB/gene=wbgU/gene=pseI/gene=rkpK/gene=mnaA_1/gene=per/gene=glk/gene=glmM/gene=nagB_1/gene=xynD_3/gene=sorA_1/gene=pseC/gene=malX/gene=crr/gene=rfbE/gene=rmlA_2/gene=wbpA/gene=murQ_1/gene=ywqF_1/gene=gtaB/gene=algC/gene=sorA/gene=ptsG_3/gene=xynB/gene=ppgK/gene=manZ_3/gene=cugP_1/gene=strE_1/gene=legF/gene=yvyI/gene=tsaE/gene=chiA/gene=manC1_1/gene=ptsG_1",50
"ko00720","Carbon fixation pathways in prokaryotes [PATH:ko00720]","33/1572","157/12410",0.00213868240545551,0.12832094432733,0.126069699690009,"gene=ppdK/gene=icd_2/gene=scpA_3/gene=korB/gene=sdhB/gene=icd/gene=phaA/gene=fadI_1/gene=fdhF_4/gene=acsA_2/gene=fadA/gene=porC_2/gene=accC/gene=cfiB_3/gene=frdD/gene=frdA_1/gene=cfiB_1/gene=acnB/gene=cfiA/gene=porB/gene=fumC/gene=cfiB_2/gene=cmdD/gene=ppsA/gene=metF/gene=sdhC_1/gene=scpA_2/gene=acnA/gene=fumC_2/gene=folD/gene=accC_1/gene=acs/gene=pigC",33
"ko00195","Photosynthesis [PATH:ko00195]","16/1572","64/12410",0.00518556255905,0.2489070028344,0.244540213310989,"gene=petD/gene=atpF/gene=atpA/gene=psbE/gene=psbD1/gene=atpB/gene=psbA3_1/gene=atpE/gene=atpD/gene=atpG/gene=psbB/gene=qcrB_1/gene=atpA_2/gene=psbA3_2/protein=Ferredoxin-1/gene=atpH",16
"ko00240","Pyrimidine metabolism [PATH:ko00240]","31/1572","160/12410",0.00987621981278133,0.395048792511253,0.38811811194088,"gene=pyrH/gene=rutA/gene=pyrB/gene=udp/gene=tmk/gene=ndk/gene=thyA/gene=carB_1/gene=rutC_1/gene=nrdF2/gene=pyrE_1/gene=ddl/gene=dut_1/protein=D-hydantoinase/gene=udp_1/gene=nrdD/gene=pyrD/gene=carB/gene=cdd/gene=dcd/gene=pyrDB/gene=tadA_3/gene=nrdF/gene=cmk/gene=pyrC_2/gene=nrdE_1/gene=gltD_1/gene=dut_2/gene=surE/gene=cmk_2/gene=nrdE",31
"ko00450","Selenocompound metabolism [PATH:ko00450]","13/1572","55/12410",0.0178214207369787,0.611020139553557,0.600300487982442,"gene=trxB/gene=mccB/gene=patB/gene=csd/gene=trxB_1/gene=cysNC/gene=metH/gene=sufS/gene=sat/gene=cysD_3/gene=cysD/gene=trxB_5/gene=yitJ",13
"ko03009","Ribosome biogenesis [BR:ko03009]","35/1572","198/12410",0.0249517102169563,0.701079963778782,0.688780315291435,"gene=rsmC/gene=rlmI/gene=ydaF_1/gene=ychF_2/gene=rsmJ/gene=rimK/gene=raiA/gene=rluD_4/gene=ychF_3/gene=deaD/gene=nusB/gene=rlmN/gene=rluB_2/gene=rnc/gene=rluA_3/gene=rluA_1/gene=der_1/gene=yhbY/gene=rlmK/gene=nusG/gene=rlmI_1/gene=rbgA/gene=ychF/gene=rsmI/gene=rimO/gene=rsmH/gene=rluA_2/gene=obg/gene=ydaF_3/gene=cgtA/gene=rsmF_1/gene=mrnC/gene=ermA1_1/gene=rluF/gene=rsmA",35
"ko02060","Phosphotransferase system (PTS) [PATH:ko02060]","29/1572","160/12410",0.028692710174394,0.701079963778782,0.688780315291435,"gene=ulaC_2/gene=ptsI/gene=ulaC_1/gene=ptsO/gene=ulaC/gene=licC_4/gene=fruB/gene=fruA_9/gene=sacX/gene=sorB_5/gene=bglF_3/gene=ptsI_1/gene=gatA_5/gene=ulaA/gene=gatB_1/gene=sorA_1/gene=ptsH_1/gene=malX/gene=crr/gene=mtlF/gene=malP_1/gene=treP/gene=sorA/gene=ptsG_3/gene=manZ_3/gene=gatC_2/gene=bglF_1/gene=licC_2/gene=ptsG_1",29
"ko00541","O-Antigen nucleotide sugar biosynthesis [PATH:ko00541]","26/1572","144/12410",0.0383558883064516,0.701079963778782,0.688780315291435,"gene=manA/gene=legI/gene=manA_2/gene=lnpD/gene=glmU_1/gene=gmd_2/gene=rmlA_1/gene=wbgU_2/gene=wecB/gene=wbgU/gene=pseI/gene=rkpK/gene=mnaA_1/gene=per/gene=rffG_1/gene=pseC/gene=rfbE/gene=wbpA/gene=rfbA/gene=ywqF_1/gene=gtaB/gene=rmlA/gene=wbjC/gene=legF/gene=yvyI/gene=manC1_1",26
"ko00194","Photosynthesis proteins [BR:ko00194]","16/1572","80/12410",0.0412569299501994,0.701079963778782,0.688780315291435,"gene=petD/gene=atpF/gene=atpA/gene=psbE/gene=psbD1/gene=atpB/gene=psbA3_1/gene=atpE/gene=atpD/gene=atpG/gene=psbB/gene=qcrB_1/gene=atpA_2/gene=psbA3_2/protein=Ferredoxin-1/gene=atpH",16
"ko00190","Oxidative phosphorylation [PATH:ko00190]","38/1572","227/12410",0.0429159220387894,0.701079963778782,0.688780315291435,"gene=nuoM/gene=nuoH/gene=cyoD/gene=sdhB/gene=ppa/gene=ndhC_1/gene=nuoN/gene=nuoC/gene=atpF/gene=cydB_2/gene=nuoL/gene=ctaD_2/gene=ctaD/gene=frdD/gene=atpA/gene=nqo7/gene=frdA_1/gene=nuoL_1/gene=petA/gene=atpB/gene=atpE/gene=petB/gene=ctaD_5/gene=atpD/gene=ctaD_4/gene=ndbB/gene=appC/gene=atpG/gene=cydA_2/gene=atpA_2/gene=sdhC_1/gene=nuoD/gene=ctaC/gene=ndhC/gene=cycM/gene=ctaE/gene=nuoF/gene=atpH",38
"ko01007","Amino acid related enzymes [BR:ko01007]","32/1572","186/12410",0.0431146582198913,0.701079963778782,0.688780315291435,"gene=tyrS/gene=argS/gene=ilvE_1/gene=hisC_3/gene=dapL/gene=patB/gene=per/gene=bioF_1/gene=leuS_2/gene=ilvE/gene=hisC_1/gene=serC/gene=dapL_2/gene=asnS/gene=proS/gene=proS_2/gene=hemL_1/gene=aspS/gene=rfbE/gene=lysJ_1/gene=gabT_1/gene=argD_1/gene=pheS/gene=lysS/gene=gltX/gene=gabT/gene=valS/gene=glyS/gene=lysJ/gene=hisC/gene=hisS_3/gene=alaA",32
"ko03010","Ribosome [PATH:ko03010]","29/1572","166/12410",0.0440130798867494,0.701079963778782,0.688780315291435,"gene=rplO_1/gene=rpsB/gene=rpmF/gene=rpsS/gene=rpmH/gene=rplW/gene=rplE/gene=rplN/gene=rpmG2/gene=rpsG/gene=rplO/gene=rpmD/gene=rpsL/gene=rpmB/gene=rplT/gene=rplQ/gene=rpsR/gene=rplU/gene=rpmJ/gene=rpsN/gene=rplS/gene=rpsP/gene=rplJ/gene=rplB/gene=rpsD/gene=rpsF/gene=rplX/gene=rpsE/gene=rplD",29
"ko03011","Ribosome [BR:ko03011]","29/1572","166/12410",0.0440130798867494,0.701079963778782,0.688780315291435,"gene=rplO_1/gene=rpsB/gene=rpmF/gene=rpsS/gene=rpmH/gene=rplW/gene=rplE/gene=rplN/gene=rpmG2/gene=rpsG/gene=rplO/gene=rpmD/gene=rpsL/gene=rpmB/gene=rplT/gene=rplQ/gene=rpsR/gene=rplU/gene=rpmJ/gene=rpsN/gene=rplS/gene=rpsP/gene=rplJ/gene=rplB/gene=rpsD/gene=rpsF/gene=rplX/gene=rpsE/gene=rplD",29
"ko00983","Drug metabolism - other enzymes [PATH:ko00983]","15/1572","75/12410",0.047105278918174,0.701079963778782,0.688780315291435,"gene=gstB_6/gene=udp/gene=ndk/gene=guaB/gene=uidA/gene=pyrE_1/gene=dut_1/gene=guaA/protein=D-hydantoinase/gene=udp_1/gene=cdd/gene=katG/gene=katG2/gene=guaB_1/gene=dut_2",15
"ko00640","Propanoate metabolism [PATH:ko00640]","31/1572","182/12410",0.0514961133381553,0.701079963778782,0.688780315291435,"gene=scpA_3/gene=lpdG/gene=bauC/gene=prpD/gene=pdhD/gene=prpD2/gene=acsA_2/gene=acuI/gene=carA_2/gene=accC/gene=pduE/gene=cfiB_1/gene=acnB/gene=mmgC/gene=pflB/gene=ldh_3/gene=porB/gene=lysJ_1/gene=gabT_1/gene=yhfP/gene=bkdB/gene=gabT/gene=yvgN_2/gene=scpA_2/gene=accA1_3/gene=accC_1/gene=pdhC_3/gene=bkdA/gene=acs/gene=dhaD/gene=crt_3",31
"ko03012","Translation factors [BR:ko03012]","14/1572","70/12410",0.0538562306516735,0.701079963778782,0.688780315291435,"gene=prfB/gene=yheS/gene=prmC_5/gene=tufB_2/gene=efp_2/gene=yheS_3/gene=epmC/gene=infB/gene=efp_1/gene=tuf_2/gene=epmB/gene=tuf_1/gene=tuf/gene=prfB_1",14
"ko03400","DNA repair and recombination proteins [BR:ko03400]","58/1572","373/12410",0.0555021637991536,0.701079963778782,0.688780315291435,"gene=recC/gene=dam_2/gene=rpoC_1/gene=alkB/gene=recQ_1/gene=nth/gene=dnaE_3/gene=recA_1/gene=dnaT_2/gene=xseA/gene=ssb/gene=ligD_1/gene=nrdF2/gene=uvrC_1/gene=uvrB_2/gene=uvrD2_2/gene=uvrD1/gene=phrA/gene=ssbA/gene=radD_2/gene=uvrA_1/gene=helD/gene=hns_2/gene=recF/gene=dut_1/gene=dinG/gene=exoX/gene=ogt/gene=polA_2/gene=yorK/gene=uvrA/gene=ligA_1/gene=mutY/gene=nrdF/gene=recN/gene=nrnA_2/gene=rpoC/gene=nei1/gene=mutS2/gene=gyrA_2/gene=uvrC/gene=nrdE_1/gene=dinB1_1/gene=ndx1_1/gene=pcrA_2/gene=dut_2/gene=rep/gene=uvrD2/gene=dam/gene=sbcC/gene=rpoA/gene=dam_3/gene=nrdE/gene=mutS/gene=rpoB/gene=pdg/gene=dinB/gene=uvrB",58
"ko00280","Valine, leucine and isoleucine degradation [PATH:ko00280]","28/1572","164/12410",0.0602242872396257,0.722691446875508,0.710012649561903,"gene=scpA_3/gene=lpdG/gene=mmgC_2/gene=bauC/gene=phaA/gene=fadI_1/gene=ilvE_1/gene=mmgC_5/gene=lcfB/gene=pdhD/gene=fadA/gene=thcA/gene=mmsB/gene=ilvE/gene=ald_2/gene=bbsG/gene=mmgC/gene=scoA/gene=gabT_1/gene=bkdB/gene=gabT/gene=scpA_2/gene=accA1_3/gene=lysJ/gene=acsA/gene=pdhC_3/gene=bkdA/gene=crt_3",28
"ko00770","Pantothenate and CoA biosynthesis [PATH:ko00770]","18/1572","98/12410",0.0656620267877072,0.750423163288082,0.737257844633906,"gene=panD/gene=ilvB1/gene=coaA/gene=ilvE_1/gene=thcA/gene=ilvI/gene=ilvC_1/gene=ilvE/gene=ald_2/protein=D-hydantoinase/gene=coaBC_1/gene=acpS_1/gene=alsS/gene=gltD_1/gene=coaX/gene=coaBC_2/gene=ilvH/gene=budB",18
"ko01051","Biosynthesis of ansamycins [PATH:ko01051]","4/1572","13/12410",0.0716968887012398,0.782147876740798,0.768425984166398,"gene=tktA/gene=tkt_2/gene=dxs_2/gene=tktA_2",4
"ko00053","Ascorbate and aldarate metabolism [PATH:ko00053]","15/1572","80/12410",0.0756799100366568,0.789703409078158,0.775848963304857,"gene=ulaC_2/gene=ulaC_1/gene=garD_2/gene=wbgU_2/gene=uidA/gene=rkpK/gene=thcA/gene=ulaA/gene=ald_2/gene=araC_4/gene=ulaE/gene=ywqF_1/gene=garL/gene=fdh/gene=camA_1",15
"ko03430","Mismatch repair [PATH:ko03430]","16/1572","88/12410",0.085277028057368,0.835908031538977,0.821242978354083,"gene=dam_2/gene=dnaE_3/gene=xseA/gene=ssb/gene=uvrD2_2/gene=uvrD1/gene=ssbA/gene=exoX/gene=yorK/gene=ligA_1/gene=mutS2/gene=pcrA_2/gene=uvrD2/gene=dam/gene=dam_3/gene=mutS",16
"ko01502","Vancomycin resistance [PATH:ko01502]","7/1572","31/12410",0.0885991069989703,0.835908031538977,0.821242978354083,"gene=ddlA_1/gene=murF/gene=murG/gene=murF_2/gene=alr_4/gene=murG_4/gene=mraY",7
"ko00020","Citrate cycle (TCA cycle) [PATH:ko00020]","25/1572","150/12410",0.0905567034167225,0.835908031538977,0.821242978354083,"gene=icd_2/gene=korB/gene=sdhB/gene=icd/gene=lpdG/gene=pdhB/gene=pdhD/gene=porC_2/gene=pdhC_1/gene=cfiB_3/gene=frdD/gene=frdA_1/gene=acnB/gene=pdhA_1/gene=aarA/gene=cfiA/gene=sucA/gene=porB/gene=fumC/gene=cfiB_2/gene=sdhC_1/gene=acnA/gene=mqo/gene=fumC_2/gene=pdhA",25
"ko00620","Pyruvate metabolism [PATH:ko00620]","48/1572","314/12410",0.0944062737191029,0.839166877503137,0.824444651582029,"gene=ppdK/gene=korB/gene=lpdG/gene=pox5_1/gene=phaA/gene=pdhB/gene=adhE_4/gene=fadI_1/gene=lldD_1/gene=pdhD/gene=lldD_2/gene=acsA_2/gene=carA_2/gene=fadA/gene=glcB/gene=thcA/gene=pdhC_1/gene=accC/gene=cfiB_3/gene=frdD/gene=ald_2/gene=ghrA/gene=cfiB_1/gene=pdhA_1/gene=pflB/gene=ldh_3/gene=cfiA/gene=porB/gene=fumC/gene=cfiB_2/gene=cmdD/gene=ppsA/gene=gcdB_1/gene=adhA/gene=yvgN_2/gene=maeA/gene=gloB/gene=adhB_3/gene=mqo/gene=fumC_2/gene=aceB/gene=accC_1/gene=acs/gene=pdhA/gene=gcdB_2/gene=mhpF/gene=pigC/gene=adhE",48
"ko00525","Acarbose and validamycin biosynthesis [PATH:ko00525]","5/1572","20/12410",0.0991658684637338,0.846286994623369,0.831439854366819,"gene=rmlA_1/gene=rffG_1/gene=rmlA_2/gene=rfbA/gene=rmlA",5
"ko03036","Chromosome and associated proteins [BR:ko03036]","38/1572","244/12410",0.10225967851699,0.846286994623369,0.831439854366819,"gene=ftsL/gene=racA_1/gene=ftsK/gene=xerC_4/gene=spoIIIE/gene=dps2_1/gene=hhaIM_2/gene=ftsZ_1/gene=ftsW_4/gene=ftsW_1/gene=ftsW/gene=ftsX/gene=xerC_2/gene=fda/gene=cwlM/gene=zapE_1/gene=xerC/gene=rnc/gene=hns_2/gene=penA/gene=engB/gene=spo0C/gene=smc_1/gene=ftsK_2/gene=dnaA/gene=parC/gene=soj_2/gene=soj/gene=xerC_3/gene=cbpA/gene=mreB_1/gene=parE/gene=ftsK_1/gene=yejK/gene=trmFO/gene=rodA/gene=scpA/gene=xerD",38
"ko00780","Biotin metabolism [PATH:ko00780]","11/1572","58/12410",0.109607072993992,0.870973235088085,0.855693002893557,"gene=fabF_1/gene=fabG_6/gene=fabF/gene=bioD1/gene=fabG/gene=bioF_1/gene=bioW/gene=bioB/gene=bioD1_1/gene=birA_1/gene=bioC",11
"ko00970","Aminoacyl-tRNA biosynthesis [PATH:ko00970]","16/1572","92/12410",0.115676753255447,0.870973235088085,0.855693002893557,"gene=tyrS/gene=argS/gene=fmt/gene=fmt_1/gene=leuS_2/gene=asnS/gene=proS/gene=gatC/gene=proS_2/gene=aspS/gene=pheS/gene=lysS/gene=gltX/gene=valS/gene=glyS/gene=hisS_3",16
"ko03020","RNA polymerase [PATH:ko03020]","5/1572","21/12410",0.117250611369166,0.870973235088085,0.855693002893557,"gene=rpoC_1/gene=rpoC_2/gene=rpoC/gene=rpoA/gene=rpoB",5
"ko03016","Transfer RNA biogenesis [BR:ko03016]","40/1572","263/12410",0.124498468224774,0.870973235088085,0.855693002893557,"gene=truD/gene=tyrS/gene=trmB/gene=argS/gene=tcdA/gene=mnmA_1/gene=mtaB/gene=leuS_2/gene=miaB/gene=cmoA/gene=rluA_3/gene=truA_2/gene=tusA_2/gene=rluA_1/gene=thpR_1/gene=asnS/gene=proS/gene=proS_2/gene=iscA/gene=tadA/gene=kptA_2/gene=aspS/gene=iscS/gene=rph/gene=pheS/gene=lysS/gene=gltX/gene=rnz/gene=rluA_2/gene=queA/gene=tilS_3/gene=valS/gene=trmL/gene=rnpA/gene=glyS/gene=trmFO/gene=hisS_3/gene=tuf_1/gene=queD/gene=truA",40
"ko00920","Sulfur metabolism [PATH:ko00920]","26/1572","163/12410",0.126472742896023,0.870973235088085,0.855693002893557,"gene=asrA/gene=cysP/gene=cysH/gene=ssuA_6/gene=ssuA_3/gene=metA/gene=cysE_1/gene=dmdC_2/gene=dmdD/gene=cysE/gene=msuE/gene=cysA_3/gene=ssuA/gene=sseB/gene=cysNC/gene=cysK/gene=cbs/gene=ssuB_4/gene=nrnA_2/gene=sat/gene=ssuD_3/gene=sir/gene=cysD_3/gene=ssuA_4/gene=cysD/gene=cysK_1",26
"ko00650","Butanoate metabolism [PATH:ko00650]","33/1572","213/12410",0.127016930117012,0.870973235088085,0.855693002893557,"gene=korB/gene=sdhB/gene=ilvB1/gene=bdhA/gene=aldC/gene=phaA/gene=fadI_1/gene=ped_2/gene=fadA/gene=ilvI/gene=frdD/gene=frdA_1/gene=fabV/gene=mmgC/gene=pflB/gene=scoA/gene=porB/gene=lysJ_1/gene=gabT_1/gene=gcdB_1/gene=mmgB/gene=alsS/gene=gabT/gene=sdhC_1/gene=gadB/gene=acsA/gene=ilvH/gene=gcdB_2/gene=davD_2/gene=mhpF/gene=budB/gene=adhE/gene=ydiF",33
"ko00300","Lysine biosynthesis [PATH:ko00300]","14/1572","81/12410",0.139651217644788,0.928301914632491,0.912015916130166,"gene=murF/gene=thrA/gene=dapA_1/gene=lysA/gene=dapL/gene=murF_2/gene=dapL_2/gene=argD_1/gene=lysN/gene=yclM/gene=lysA_1/gene=dapF/gene=asd/gene=dapE",14
"ko00052","Galactose metabolism [PATH:ko00052]","21/1572","130/12410",0.143113211839176,0.928301914632491,0.912015916130166,"gene=ulaC/gene=lacZ_2/gene=gatY/gene=lnpD/gene=wbgU/gene=sorB_5/gene=pfkA/gene=dgoD_1/gene=dgoA/gene=glk/gene=scrB/gene=gatB_1/gene=malL_1/gene=lacB_2/gene=pfkB/gene=gtaB/gene=dgoK1_2/gene=algC/gene=dgoD_2/gene=bga/gene=gatC_2",21
"ko02040","Flagellar assembly [PATH:ko02040]","19/1572","118/12410",0.160982198349989,0.996258446817366,0.978780228452149,"gene=flgB/gene=flhD/gene=fliD_1/gene=pomA_1/gene=fliE_1/gene=fliI/gene=psaB/gene=tcyA/gene=flhB/gene=flgK/gene=flhA/gene=fliO/gene=flgH/gene=yscN/gene=motB_1/gene=flgG_2/gene=fliP/gene=yckB/gene=zraR_1",19
"ko03070","Bacterial secretion system [PATH:ko03070]","21/1572","133/12410",0.168205375112527,0.996258446817366,0.978780228452149,"gene=yscJ/gene=yscF/gene=secE/gene=fliP_5/gene=hlyB/gene=ltxD/gene=ssaV/gene=secY/gene=yscN_1/gene=mdtF/gene=epsF_1/gene=spiA/gene=xpsD/gene=tolC/gene=yscU/gene=clpB_2/gene=epsE_3/gene=ffh_1/gene=ftsY/gene=secA/gene=epsE_2",21
"ko00010","Glycolysis / Gluconeogenesis [PATH:ko00010]","40/1572","271/12410",0.169141591183577,0.996258446817366,0.978780228452149,"gene=ppdK/gene=korB/gene=lpdG/gene=pdhB/gene=pdhD/gene=acsA_2/gene=fda/gene=thcA/gene=pfkA/gene=pdhC_1/gene=bglA_2/gene=glk/gene=glpX/gene=eno_3/gene=ald_2/gene=pdhA_1/gene=malX/gene=ldh_3/gene=crr/gene=porB/gene=pfkB/gene=cmdD/gene=gpmI_2/gene=yggF/gene=ppsA/gene=gap/gene=algC/gene=adhA/gene=gapA2/gene=ptsG_3/gene=gpmA_2/gene=ppgK/gene=adhB_3/gene=agp/gene=acs/gene=bglA_3/gene=pdhA/gene=pigC/gene=ptsG_1/gene=adhE",40
"ko00130","Ubiquinone and other terpenoid-quinone biosynthesis [PATH:ko00130]","13/1572","77/12410",0.170930670809846,0.996258446817366,0.978780228452149,"gene=menC_2/gene=menH_3/gene=ubiH/gene=ubiG_2/gene=ubiE/gene=menB/gene=ywrO_1/gene=ubiE_1/gene=menC/gene=menG/gene=kefF_3/gene=menA/gene=coq7",13
"ko01040","Biosynthesis of unsaturated fatty acids [PATH:ko01040]","4/1572","18/12410",0.18593277083259,0.996258446817366,0.978780228452149,"protein=Arylesterase/gene=tesB/gene=desA3/gene=desA1",4
"ko04260","Cardiac muscle contraction [PATH:ko04260]","3/1572","12/12410",0.187131539224831,0.996258446817366,0.978780228452149,"gene=petA/gene=petB/gene=ctaE",3
"ko00410","beta-Alanine metabolism [PATH:ko00410]","13/1572","79/12410",0.1951872646944,0.996258446817366,0.978780228452149,"gene=panD/gene=bauC/gene=thcA/gene=ald_2/protein=D-hydantoinase/gene=mmgC/gene=lysJ_1/gene=gabT_1/gene=gabT/gene=tynA_1/gene=gltD_1/gene=gadB/gene=crt_3",13
"ko02044","Secretion system [BR:ko02044]","44/1572","306/12410",0.20286627621031,0.996258446817366,0.978780228452149,"gene=yscJ/gene=yscF/gene=prsE_2/gene=secE/gene=comGA/gene=epsE/gene=fliP_5/gene=traG/gene=hlyB/gene=ltxD/gene=ssaV/gene=prgK/gene=fliI/gene=secY/gene=yscN_1/gene=mdtF/gene=minD/gene=epsF_1/gene=spiA/gene=hxcR_2/gene=flhB/gene=xpsD/gene=dsbC/gene=pilE/gene=sfaH_3/gene=flhA/gene=comEA/gene=pppA/gene=cpsD/gene=fliO/gene=tolC/gene=yscU/gene=yscN/gene=clpB_2/gene=apxIB/gene=asp2/gene=epsE_3/gene=fliP/gene=ffh_1/gene=sfaG_3/gene=yfcS_2/gene=ftsY/gene=secA/gene=epsE_2",44
"ko00360","Phenylalanine metabolism [PATH:ko00360]","16/1572","101/12410",0.204390456072355,0.996258446817366,0.978780228452149,"gene=speG_2/gene=dadA_1/gene=hisC_3/gene=paaJ/gene=hisC_1/gene=hcaC/gene=mshD/gene=paaZ/gene=katG/gene=katG2/gene=nylA_2/gene=mmgB/gene=tynA_1/gene=hisC/gene=gatA_3/gene=mhpF",16
"ko03032","DNA replication proteins [BR:ko03032]","23/1572","153/12410",0.219006893579189,0.996258446817366,0.978780228452149,"gene=dam_2/gene=dnaG_2/gene=dnaE_3/gene=hhaIM_2/gene=ssb/gene=ssbA/gene=dnaC_1/gene=dnaG/gene=polA_2/gene=dnaA/gene=tus_2/gene=parC/gene=rnhA/gene=ligA_1/gene=dnaI_2/gene=dnaI/gene=hda/gene=gyrA_2/gene=parE/gene=dam/gene=dnaB_1/gene=dam_3/gene=dnaC",23
"ko03029","Mitochondrial biogenesis [BR:ko03029]","26/1572","175/12410",0.219299860662607,0.996258446817366,0.978780228452149,"gene=dnaK/gene=tyrS/gene=argS/gene=rpmF/gene=tufB_2/gene=dnaJ_3/gene=ssb/gene=groL/gene=leuS_2/gene=ssbA/gene=dnaK2/gene=nqo7/gene=grpE/gene=gatC/gene=infB/gene=dnaK_2/gene=aspS/gene=iscS/gene=tuf_2/gene=petB/gene=dnaJ/gene=rpsP/gene=rpsF/gene=ypmQ/gene=tuf/gene=ctaE",26
"ko04066","HIF-1 signaling pathway [PATH:ko04066]","8/1572","46/12410",0.221078693159685,0.996258446817366,0.978780228452149,"gene=pdhB/gene=fda/gene=pfkA/gene=eno_3/gene=pdhA_1/gene=ldh_3/gene=gap/gene=pdhA",8
"ko00710","Carbon fixation in photosynthetic organisms [PATH:ko00710]","15/1572","96/12410",0.22992443006959,0.996258446817366,0.978780228452149,"gene=ywlF/gene=ppdK/gene=rpiA_1/gene=tktA/gene=fda/gene=glpX/gene=tkt_2/gene=dxs_2/gene=tktA_2/gene=yggF/gene=gap/gene=cbbL/gene=gapA2/gene=maeA/gene=rpiA",15
"ko00261","Monobactam biosynthesis [PATH:ko00261]","8/1572","47/12410",0.239122113849815,0.996258446817366,0.978780228452149,"gene=thrA/gene=dapA_1/gene=cysNC/gene=sat/gene=yclM/gene=cysD_3/gene=cysD/gene=asd",8
"ko00960","Tropane, piperidine and pyridine alkaloid biosynthesis [PATH:ko00960]","5/1572","27/12410",0.251516936229213,0.996258446817366,0.978780228452149,"gene=hisC_3/gene=hisC_1/gene=lhpD/gene=tynA_1/gene=hisC",5
"ko05415","Diabetic cardiomyopathy [PATH:ko05415]","10/1572","62/12410",0.255044655408158,0.996258446817366,0.978780228452149,"gene=pdhB/gene=garB/gene=nqo7/gene=pdhA_1/gene=petA/gene=petB/gene=gap/gene=gor/gene=ctaE/gene=pdhA",10
"ko05111","Biofilm formation - Vibrio cholerae [PATH:ko05111]","14/1572","92/12410",0.272163483241361,0.996258446817366,0.978780228452149,"gene=senX3/gene=wecB/gene=mnaA_1/gene=cysE_1/gene=epsF_1/gene=cysE/gene=luxS/gene=xpsD/gene=crr/gene=epsE_3/gene=zraR_1/gene=epsE_2/gene=crp/gene=ptsG_1",14
"ko00680","Methane metabolism [PATH:ko00680]","26/1572","181/12410",0.275232534649753,0.996258446817366,0.978780228452149,"gene=fdoH/gene=yeiG/gene=fdhF_4/gene=acsA_2/gene=fda/gene=pfkA/gene=pspA_2/gene=glpX/gene=eno_3/gene=serC/gene=ttuD_2/gene=glyA1/gene=torZ/gene=porB/gene=hndC/gene=pfkB/gene=cmdD/gene=gpmI_2/gene=yggF/gene=ppsA/gene=gpmA_2/gene=dhaK/gene=glyA/gene=acs/gene=fbiB/gene=pigC",26
"ko00400","Phenylalanine, tyrosine and tryptophan biosynthesis [PATH:ko00400]","15/1572","101/12410",0.294807356730098,0.996258446817366,0.978780228452149,"gene=aroB/gene=aroG_1/gene=aroH_1/gene=hisC_3/gene=aroK/gene=aroC/gene=pheA2/gene=pheC/gene=hisC_1/gene=trpB/gene=aroQ1/gene=aroE_2/gene=aroQ/gene=trpC_2/gene=hisC",15
"ko04932","Non-alcoholic fatty liver disease [PATH:ko04932]","4/1572","22/12410",0.30136331677757,0.996258446817366,0.978780228452149,"gene=petA/gene=petB/gene=cycM/gene=ctaE",4
"ko04812","Cytoskeleton proteins [BR:ko04812]","6/1572","36/12410",0.301650258018036,0.996258446817366,0.978780228452149,"gene=ftsZ_1/gene=parM/gene=spo0C/gene=soj_2/gene=soj/gene=mreB_1",6
"ko05020","Prion disease [PATH:ko05020]","5/1572","29/12410",0.302830066058481,0.996258446817366,0.978780228452149,"gene=nqo7/gene=petA/gene=petB/gene=cycM/gene=ctaE",5
"ko05150","Staphylococcus aureus infection [PATH:ko05150]","5/1572","29/12410",0.302830066058481,0.996258446817366,0.978780228452149,"gene=clfB/gene=bceA_2/gene=lysX_1/gene=sdrC/gene=speC_3",5
"ko04212","Longevity regulating pathway - worm [PATH:ko04212]","10/1572","66/12410",0.322719729693848,0.996258446817366,0.978780228452149,"gene=gstB_6/gene=dnaK/gene=clpP_1/gene=clpP_4/gene=groL/gene=dnaK2/gene=sodF1/gene=dnaK_2/gene=clpP_2/gene=katA",10
"ko05010","Alzheimer disease [PATH:ko05010]","6/1572","37/12410",0.325062624577691,0.996258446817366,0.978780228452149,"gene=nqo7/gene=petA/gene=petB/gene=gap/gene=cycM/gene=ctaE",6
"99994","Others","5/1572","30/12410",0.329069781845339,0.996258446817366,0.978780228452149,"gene=cyaY/gene=phoU/gene=amhM/gene=cutA/gene=hapE",5
"ko00230","Purine metabolism [PATH:ko00230]","38/1572","278/12410",0.331950441756816,0.996258446817366,0.978780228452149,"gene=pucL/gene=purF/gene=prs_2/gene=gppA_2/gene=ndk/gene=cyaB_3/gene=allA_1/gene=purM/gene=guaB/gene=purC/gene=nrdF2/gene=ureA/gene=arcC1/gene=guaA/gene=yagR_2/gene=gmk/gene=nrdD/gene=purB/gene=cysNC/gene=apt/gene=relA/gene=ureC_2/gene=adk/gene=nrdF/gene=deoB/gene=sat/gene=algC/gene=amn/gene=nrdE_1/gene=guaB_1/gene=apaH/gene=add2/gene=cysD_3/gene=surE/gene=cysD/gene=nrdE/gene=act_1/gene=purD",38
"ko05230","Central carbon metabolism in cancer [PATH:ko05230]","8/1572","52/12410",0.335321940137959,0.996258446817366,0.978780228452149,"gene=icd_2/gene=icd/gene=pdhB/gene=pfkA/gene=pdhA_1/gene=ldh_3/gene=gpmA_2/gene=pdhA",8
"ko00550","Peptidoglycan biosynthesis [PATH:ko00550]","17/1572","119/12410",0.336067447472094,0.996258446817366,0.978780228452149,"gene=ddlA_1/gene=pbpB/gene=murF/gene=murG/gene=murB/gene=murF_1/gene=murF_2/gene=penA/gene=pbpF/gene=uppS/gene=murG_4/gene=ybjG/gene=bcrC_2/gene=dacA_1/gene=femX/gene=mraY/gene=femX_1",17
"ko00561","Glycerolipid metabolism [PATH:ko00561]","14/1572","97/12410",0.343181577044383,0.996258446817366,0.978780228452149,"gene=glpK_3/gene=plsY/gene=galE_2/gene=plsC_1/gene=garK/gene=ltaS2_1/gene=dagK_1/gene=thcA/gene=ald_2/gene=ttuD_2/gene=plsB/gene=dhaK/gene=estB/gene=dhaD",14
"ko03019","Messenger RNA biogenesis [BR:ko03019]","14/1572","97/12410",0.343181577044383,0.996258446817366,0.978780228452149,"gene=dnaK/gene=deaD/gene=groL/gene=rnjA/gene=helY_3/gene=pfkA/gene=rnc/gene=dnaK2/gene=eno_3/gene=dnaK_2/gene=rnjB/gene=cca_2/gene=rapZ/gene=tuf_1",14
"ko00030","Pentose phosphate pathway [PATH:ko00030]","23/1572","165/12410",0.344173529758255,0.996258446817366,0.978780228452149,"gene=ywlF/gene=rpiA_1/gene=eda/gene=prs_2/gene=scrK_2/gene=tktA/gene=fda/gene=tal_2/gene=pfkA/gene=glpX/gene=tkt_2/gene=dxs_2/gene=ttuD_2/gene=tktA_2/gene=pfkB/gene=yggF/gene=deoB/gene=algC/gene=pgl/gene=rpiA/gene=ghrB_1/gene=kdgK_1/gene=deoC",23
"ko00670","One carbon pool by folate [PATH:ko00670]","9/1572","60/12410",0.347573536814794,0.996258446817366,0.978780228452149,"gene=thyA/gene=fmt/gene=fmt_1/gene=glyA1/gene=metH/gene=metF/gene=glyA/gene=folD/gene=yitJ",9
"ko00250","Alanine, aspartate and glutamate metabolism [PATH:ko00250]","22/1572","158/12410",0.350881261049076,0.996258446817366,0.978780228452149,"gene=pyrB/gene=purF/gene=aspA/gene=asnB_1/gene=asnB/gene=carB_1/gene=gdhA_1/gene=ddl/gene=gltB_2/gene=purB/gene=carB/gene=lysJ_1/gene=gabT_1/gene=asnB_2/gene=gabT/gene=rocA/gene=gadB/gene=lysJ/gene=puuA_3/gene=davD_2/gene=alaA/gene=gdh",22
"ko01004","Lipid biosynthesis proteins [BR:ko01004]","19/1572","136/12410",0.36023601577442,0.996258446817366,0.978780228452149,"gene=fabF_1/gene=plsY/gene=fabG_6/gene=fabF/gene=plsC_1/gene=fabG/gene=acsA_2/gene=kasA/gene=fabD/gene=fabV/protein=Arylesterase/gene=lcfB_15/gene=ppsB_2/gene=plsB/gene=tesB/gene=desA3/gene=acsA/gene=acs/gene=desA1",19
"ko03410","Base excision repair [PATH:ko03410]","7/1572","46/12410",0.363627481282864,0.996258446817366,0.978780228452149,"gene=nth/gene=polA_2/gene=yorK/gene=ligA_1/gene=mutY/gene=nei1/gene=pdg",7
"ko00290","Valine, leucine and isoleucine biosynthesis [PATH:ko00290]","11/1572","76/12410",0.366766310748991,0.996258446817366,0.978780228452149,"gene=tdcB_1/gene=ilvB1/gene=leuD/gene=ilvE_1/gene=ilvI/gene=ilvC_1/gene=ilvE/gene=alsS/gene=ilvH/gene=alaA/gene=budB",11
"ko05200","Pathways in cancer [PATH:ko05200]","6/1572","39/12410",0.37248751549598,0.996258446817366,0.978780228452149,"gene=gstB_6/gene=ywrO_1/gene=fumC/gene=kefF_3/gene=fumC_2/gene=cycM",6
"ko03018","RNA degradation [PATH:ko03018]","10/1572","69/12410",0.375681142265577,0.996258446817366,0.978780228452149,"gene=dnaK/gene=deaD/gene=groL/gene=rnjA/gene=pfkA/gene=dnaK2/gene=eno_3/gene=dnaK_2/gene=rnjB/gene=cca_2",10
"ko00630","Glyoxylate and dicarboxylate metabolism [PATH:ko00630]","32/1572","237/12410",0.377117690341781,0.996258446817366,0.978780228452149,"gene=scpA_3/gene=lpdG/gene=fdoH/gene=phaA/gene=eda/gene=fadI_1/gene=pdhD/gene=acsA_2/gene=glxR/gene=garK/gene=fadA/gene=glcB/gene=gcvH/gene=ghrA/gene=lutA/gene=ttuD_2/gene=acnB/gene=glyA1/gene=aarA/gene=ppaX/gene=garR/gene=hndC/gene=katA/gene=gph_1/gene=cbbL/gene=scpA_2/gene=acnA/gene=aceB/gene=glyA/gene=accA1_3/gene=puuA_3/gene=acs",32
"ko02024","Quorum sensing [PATH:ko02024]","49/1572","369/12410",0.383462401042996,0.996258446817366,0.978780228452149,"gene=secE/gene=livF_1/gene=flhD/gene=gsiC_2/gene=aroG_1/gene=gsiD_5/gene=ddpA_2/gene=aroH_1/gene=lcnD/gene=zur/gene=ddpA/gene=livF_2/gene=agrA_2/gene=ribD/gene=gsiC_1/gene=sarA_1/gene=secY/gene=gsiC/gene=mdtF/gene=oppD_3/gene=gadC/gene=appA/gene=oppD_4/gene=luxS/gene=metP/gene=glrR/gene=oppD_2/gene=oppF_1/gene=livH_1/gene=hbpA_3/gene=plcN_2/gene=lecA/gene=artM_1/gene=oppB_1/gene=ddpC_2/gene=gadC_3/gene=gadB/gene=qseC/gene=kdpE_3/gene=ffh_1/gene=ftsY/gene=dppB_2/gene=ddpF_1/gene=livH/gene=oppD_8/gene=secA/gene=lsrC/gene=gsiA_4/gene=crp",49
"ko00051","Fructose and mannose metabolism [PATH:ko00051]","22/1572","161/12410",0.385715723819694,0.996258446817366,0.978780228452149,"gene=ywlF/gene=manA/gene=manA_2/gene=gmd_2/gene=fruA_9/gene=fda/gene=pfkA/gene=alsE/gene=glpX/gene=sorA_1/gene=pfkB/gene=mtlF/gene=yggF/gene=algC/gene=sorA/gene=dhaK/gene=manZ_3/gene=cugP_1/gene=yvyI/gene=rhaB_2/gene=rhaD/gene=manC1_1",22
"ko00401","Novobiocin biosynthesis [PATH:ko00401]","3/1572","18/12410",0.40355894347561,0.996258446817366,0.978780228452149,"gene=hisC_3/gene=hisC_1/gene=hisC",3
"ko04918","Thyroid hormone synthesis [PATH:ko04918]","3/1572","18/12410",0.40355894347561,0.996258446817366,0.978780228452149,"gene=garB/gene=gor/gene=bsaA_2",3
"ko05130","Pathogenic Escherichia coli infection [PATH:ko05130]","3/1572","18/12410",0.40355894347561,0.996258446817366,0.978780228452149,"gene=yscF/gene=gap/gene=cycM",3
"ko05012","Parkinson disease [PATH:ko05012]","5/1572","33/12410",0.408503005472123,0.996258446817366,0.978780228452149,"gene=nqo7/gene=petA/gene=petB/gene=cycM/gene=ctaE",5
"ko04919","Thyroid hormone signaling pathway [PATH:ko04919]","2/1572","11/12410",0.415023067440038,0.996258446817366,0.978780228452149,"gene=pfkA/gene=plcN_2",2
"ko00521","Streptomycin biosynthesis [PATH:ko00521]","8/1572","56/12410",0.415975161772097,0.996258446817366,0.978780228452149,"gene=rmlA_1/gene=glk/gene=rffG_1/gene=rmlA_2/gene=rfbA/gene=algC/gene=idhA/gene=rmlA",8
"ko04626","Plant-pathogen interaction [PATH:ko04626]","6/1572","41/12410",0.420093456106255,0.996258446817366,0.978780228452149,"gene=glpK_3/gene=tufB_2/gene=tuf_2/gene=tolC/gene=apxIB/gene=tuf",6
"ko00480","Glutathione metabolism [PATH:ko00480]","13/1572","95/12410",0.427957950220438,0.996258446817366,0.978780228452149,"gene=icd_2/gene=gstB_6/gene=icd/gene=ggt_3/gene=kipI_2/gene=garB/gene=ggt_2/gene=gshB/gene=pepA_1/gene=gor/gene=ghrB_1/gene=pepN/gene=bsaA_2",13
"ko03030","DNA replication [PATH:ko03030]","10/1572","72/12410",0.429358079092139,0.996258446817366,0.978780228452149,"gene=dnaG_2/gene=dnaE_3/gene=ssb/gene=ssbA/gene=dnaG/gene=polA_2/gene=rnhA/gene=ligA_1/gene=dnaB_1/gene=dnaC",10
"ko05014","Amyotrophic lateral sclerosis [PATH:ko05014]","7/1572","50/12410",0.450678715961582,0.996258446817366,0.978780228452149,"gene=nqo7/gene=petA/gene=petB/gene=katA/gene=cycM/gene=ctaE/gene=bsaA_2",7
"ko00340","Histidine metabolism [PATH:ko00340]","11/1572","81/12410",0.451653963030679,0.996258446817366,0.978780228452149,"gene=hisC_3/gene=thcA/gene=hutI/gene=hisC_1/gene=ald_2/gene=hisI/gene=hutH/gene=hisB/gene=hisF_3/gene=hutU_2/gene=hisC",11
"99977","Transport","16/1572","120/12410",0.453776949260085,0.996258446817366,0.978780228452149,"gene=clcA_2/gene=aspT_1/gene=murJ_4/gene=adiC/gene=pitA/gene=tolC_1/gene=yflS_1/gene=rcnB_2/gene=betL_2/gene=clcA/gene=clcB/gene=dtpT_2/gene=tlcA_1/gene=dtpA/gene=alsT/gene=yidK_2",16
"ko00740","Riboflavin metabolism [PATH:ko00740]","8/1572","58/12410",0.456298232862684,0.996258446817366,0.978780228452149,"gene=bluB/gene=ribD/gene=msuE/gene=ribH_2/gene=ribH/gene=ybjI/gene=ribF/gene=act_1",8
"ko00311","Penicillin and cephalosporin biosynthesis [PATH:ko00311]","2/1572","12/12410",0.460601373083078,0.996258446817366,0.978780228452149,"gene=quiP_2/gene=quiP",2
"ko04214","Apoptosis - fly [PATH:ko04214]","2/1572","12/12410",0.460601373083078,0.996258446817366,0.978780228452149,"gene=crtK-2/gene=cycM",2
"ko05208","Chemical carcinogenesis - reactive oxygen species [PATH:ko05208]","9/1572","66/12410",0.461004042170719,0.996258446817366,0.978780228452149,"gene=gstB_6/gene=sodF1/gene=nqo7/gene=ywrO_1/gene=petA/gene=kefF_3/gene=petB/gene=katA/gene=ctaE",9
"ko00260","Glycine, serine and threonine metabolism [PATH:ko00260]","26/1572","199/12410",0.464684080764661,0.996258446817366,0.978780228452149,"gene=sdaA_2/gene=lpdG/gene=tdcB_1/gene=soxA/gene=thrB/gene=thrA/gene=thrC/gene=pdhD/gene=garK/gene=cbs_2/gene=gbsB/gene=pspA_2/gene=gcvH/gene=trpB/gene=serC/gene=ghrA/gene=ttuD_2/gene=glyA1/gene=thrB_1/gene=gpmI_2/gene=yclM/gene=gpmA_2/gene=tynA_1/gene=glyA/gene=lysJ/gene=asd",26
"ko00900","Terpenoid backbone biosynthesis [PATH:ko00900]","10/1572","74/12410",0.465041282102041,0.996258446817366,0.978780228452149,"gene=ubiD/gene=ispE/gene=galK_2/gene=phaA/gene=fadI_1/gene=fadA/gene=ispH1/gene=ispB/gene=uppS/gene=mvaA",10
"ko00564","Glycerophospholipid metabolism [PATH:ko00564]","15/1572","113/12410",0.465060042704637,0.996258446817366,0.978780228452149,"gene=plsY/gene=ynbA/gene=glpQ_4/gene=plsC_1/gene=glpQ_3/gene=psd_1/gene=dagK_1/gene=pcrB/gene=cls/gene=plcN_2/gene=glpD2_2/gene=plsB/gene=ugpQ_2/gene=ywiE_2/gene=cdsA_1",15
"ko00270","Cysteine and methionine metabolism [PATH:ko00270]","27/1572","207/12410",0.466488881117328,0.996258446817366,0.978780228452149,"gene=sdaA_2/gene=mccB/gene=mmuM/gene=hhaIM_2/gene=thrA/gene=ilvE_1/gene=patB/gene=cbs_2/gene=mgl/gene=metA/gene=cysE_1/gene=mat/gene=ilvE/gene=serC/gene=cysE/gene=luxS/gene=sseB/gene=ldh_3/gene=metH/gene=cysK/gene=cbs/gene=gshB/gene=yclM/gene=lysJ/gene=asd/gene=cysK_1/gene=yitJ",27
"ko05022","Pathways of neurodegeneration - multiple diseases [PATH:ko05022]","7/1572","51/12410",0.472187917301354,0.996258446817366,0.978780228452149,"gene=nqo7/gene=petA/gene=petB/gene=katA/gene=cycM/gene=ctaE/gene=bsaA_2",7
"ko02048","Prokaryotic defense system [BR:ko02048]","27/1572","208/12410",0.477131492070162,0.996258446817366,0.978780228452149,"gene=mazF/gene=dam_2/gene=pspC/gene=hsdR_2/gene=hhaIM_2/gene=ftsZ_1/gene=hsdR/gene=parD1/gene=yoeB/gene=relG/gene=iscS/gene=hicA/gene=parC/gene=gltX/gene=hha/gene=higB-1/gene=hipA_1/gene=mreB_1/gene=parE/gene=hipA/gene=dam/gene=vapB/gene=relE_1/gene=dam_3/gene=radD/gene=hsdS_1/gene=hsdM_1",27
"ko00523","Polyketide sugar unit biosynthesis [PATH:ko00523]","5/1572","36/12410",0.486528767149607,0.996258446817366,0.978780228452149,"gene=rmlA_1/gene=rffG_1/gene=rmlA_2/gene=rfbA/gene=rmlA",5
"ko05016","Huntington disease [PATH:ko05016]","7/1572","52/12410",0.49347818041566,0.996258446817366,0.978780228452149,"gene=sodF1/gene=nqo7/gene=petA/gene=petB/gene=cycM/gene=ctaE/gene=bsaA_2",7
"99997","Function unknown","17/1572","131/12410",0.496961552340932,0.996258446817366,0.978780228452149,"gene=cocE_3/gene=yhcB/gene=tcyP_1/gene=smc/gene=yejM_2/gene=yacG/gene=cocE/gene=satP/gene=ydfG/gene=cpdA/gene=esiB_3/gene=esiB_5/gene=thiL_1/gene=yedI/gene=esiB/gene=lpoA/gene=yejM",17
"ko00531","Glycosaminoglycan degradation [PATH:ko00531]","2/1572","13/12410",0.5040267255742,0.996258446817366,0.978780228452149,"gene=nagZ_4/gene=uidA",2
"ko00791","Atrazine degradation [PATH:ko00791]","2/1572","13/12410",0.5040267255742,0.996258446817366,0.978780228452149,"gene=ureA/gene=ureC_2",2
"ko00966","Glucosinolate biosynthesis [PATH:ko00966]","2/1572","13/12410",0.5040267255742,0.996258446817366,0.978780228452149,"gene=ilvE_1/gene=ilvE",2
"ko00984","Steroid degradation [PATH:ko00984]","2/1572","13/12410",0.5040267255742,0.996258446817366,0.978780228452149,"gene=kshB_2/gene=hsaC_2",2
"ko04113","Meiosis - yeast [PATH:ko04113]","2/1572","13/12410",0.5040267255742,0.996258446817366,0.978780228452149,"gene=cyaB_3/gene=xylE_1",2
"ko04940","Type I diabetes mellitus [PATH:ko04940]","2/1572","13/12410",0.5040267255742,0.996258446817366,0.978780228452149,"gene=groL/gene=gadB",2
"ko04973","Carbohydrate digestion and absorption [PATH:ko04973]","2/1572","13/12410",0.5040267255742,0.996258446817366,0.978780228452149,"gene=amyA/gene=aml",2
"ko00511","Other glycan degradation [PATH:ko00511]","3/1572","22/12410",0.540329370187235,0.996258446817366,0.978780228452149,"gene=lacZ_2/gene=csxA/protein=N(4)-(Beta-N-acetylglucosaminyl)-L-asparaginase",3
"ko01523","Antifolate resistance [PATH:ko01523]","3/1572","22/12410",0.540329370187235,0.996258446817366,0.978780228452149,"gene=thyA/gene=glyA1/gene=glyA",3
"ko04975","Fat digestion and absorption [PATH:ko04975]","3/1572","22/12410",0.540329370187235,0.996258446817366,0.978780228452149,"gene=phaA/gene=fadI_1/gene=fadA",3
"ko00940","Phenylpropanoid biosynthesis [PATH:ko00940]","2/1572","14/12410",0.545113021912547,0.996258446817366,0.978780228452149,"gene=katG/gene=katG2",2
"ko00999","Biosynthesis of various plant secondary metabolites [PATH:ko00999]","2/1572","14/12410",0.545113021912547,0.996258446817366,0.978780228452149,"gene=mat/gene=aroE_2",2
"ko01504","Antimicrobial resistance genes [BR:ko01504]","17/1572","135/12410",0.549696124377266,0.996258446817366,0.978780228452149,"gene=bceA_2/gene=bla_2/gene=rstA_1/gene=ampC/gene=lysX_1/gene=tetM/gene=norG_6/gene=tetA/gene=mepA_10/gene=wecD/gene=bepF_4/gene=mecI/gene=tolC/gene=blaZ/gene=neo_2/gene=acrF/gene=ermA1_1",17
"ko05134","Legionellosis [PATH:ko05134]","4/1572","31/12410",0.564872566082787,0.996258446817366,0.978780228452149,"gene=groL/gene=frdA_1/gene=cycM/gene=tuf_1",4
"ko00364","Fluorobenzoate degradation [PATH:ko00364]","2/1572","15/12410",0.583755781476583,0.996258446817366,0.978780228452149,"gene=cbdB/gene=clcD_2",2
"ko04972","Pancreatic secretion [PATH:ko04972]","2/1572","15/12410",0.583755781476583,0.996258446817366,0.978780228452149,"gene=amyA/gene=aml",2
"ko04978","Mineral absorption [PATH:ko04978]","2/1572","15/12410",0.583755781476583,0.996258446817366,0.978780228452149,"gene=czcD/gene=ctpA_1",2
"ko00860","Porphyrin metabolism [PATH:ko00860]","20/1572","162/12410",0.585162738212738,0.996258446817366,0.978780228452149,"gene=cobS/gene=cbiL/gene=cbiA/gene=uidA/gene=isdI/gene=rutF/gene=cobQ/gene=sirB/gene=cobD_2/gene=nasF/gene=cobC/gene=hemL_1/gene=hemF/gene=hpnR/gene=cbiX/gene=gltX/gene=cysG_1/gene=hemE/gene=hemX/gene=hisC_2",20
"ko02035","Bacterial motility proteins [BR:ko02035]","33/1572","267/12410",0.588898735204161,0.996258446817366,0.978780228452149,"gene=cheV_1/gene=flgB/gene=flhD/gene=cheW_1/gene=tap_2/gene=fliD_1/gene=pomA_1/gene=senX3/gene=fliE_1/gene=fliI/gene=psaB/gene=minD/gene=cheW/gene=tcyA/gene=hxcR_2/gene=flhB/gene=flgK/gene=sfaH_3/gene=flhA/gene=mcpB_3/gene=fliO/gene=flgH/gene=mcpU_3/gene=cheR_2/gene=yscN/gene=cheR/gene=motB_1/gene=flgG_2/gene=fliP/gene=yckB/gene=zraR_1/gene=sfaG_3/gene=nphR_1",33
"ko04122","Sulfur relay system [PATH:ko04122]","8/1572","65/12410",0.590989206040731,0.996258446817366,0.978780228452149,"gene=mnmA_1/gene=moaC/gene=tusA_2/gene=sseB/gene=iscS/gene=moeZ_1/gene=moaB_2/gene=cysO",8
"ko00643","Styrene degradation [PATH:ko00643]","4/1572","32/12410",0.590992541538763,0.996258446817366,0.978780228452149,"gene=carA_2/gene=nylA_2/gene=hmgA/gene=gatA_3",4
"ko04922","Glucagon signaling pathway [PATH:ko04922]","6/1572","49/12410",0.600072892929934,0.996258446817366,0.978780228452149,"gene=pdhB/gene=pfkA/gene=pdhA_1/gene=ldh_3/gene=gpmA_2/gene=pdhA",6
"ko00626","Naphthalene degradation [PATH:ko00626]","3/1572","24/12410",0.6015778622409,0.996258446817366,0.978780228452149,"gene=adhA/gene=adhB_3/gene=adhE",3
"ko01002","Peptidases and inhibitors [BR:ko01002]","48/1572","389/12410",0.601835673672199,0.996258446817366,0.978780228452149,"gene=lon/gene=purF/gene=ctpA/gene=clpP_1/gene=asnB_1/gene=clpP_4/gene=asnB/gene=doeA/gene=mepS_3/gene=degQ/gene=quiP_2/gene=ggt_3/gene=pepF1/gene=htpX_2/gene=tldD/gene=htpX/gene=mycP1/gene=quiP/gene=hhoA/gene=ampH/gene=puuD/gene=mapB/gene=map/gene=yxeP_6/gene=ggt_2/gene=mepM/gene=guaA/gene=lepB/gene=mmpA/gene=hflC_2/gene=ptrB_1/gene=clpP_2/gene=pepF1_1/gene=asnB_2/gene=lytH/gene=mepA_2/gene=rasP/gene=apxIB/gene=pepQ/gene=pepA_1/gene=iadA/gene=ptrA/gene=dacA_1/gene=ctpB_1/gene=pepN/gene=prlC/gene=ftsH/gene=dapE",48
"ko00790","Folate biosynthesis [PATH:ko00790]","14/1572","115/12410",0.605839936440173,0.996258446817366,0.978780228452149,"gene=folK/gene=folE_2/gene=folE/gene=pabB/gene=folC/gene=moaC/gene=mobA_2/gene=fpgS/gene=moaE2/gene=glmU_2/gene=moaB_2/gene=mobA_3/gene=folE_1/gene=queD",14
"ko01501","beta-Lactam resistance [PATH:ko01501]","13/1572","107/12410",0.608114246494062,0.996258446817366,0.978780228452149,"gene=nagZ_4/gene=bla_2/gene=rstA_1/gene=ampC/gene=rtcB/gene=penA/gene=pbpF/gene=mecI/gene=tolC/gene=oppB_1/gene=bepR/gene=blaZ/gene=acrF",13
"ko02026","Biofilm formation - Escherichia coli [PATH:ko02026]","12/1572","99/12410",0.610722570927265,0.996258446817366,0.978780228452149,"gene=glgC_2/gene=adrB_3/gene=flhD/gene=pgaC_1/gene=ydaM/gene=luxS/gene=crr/gene=glgA/gene=bcsA/gene=csgD/gene=rcsC/gene=crp",12
"ko00061","Fatty acid biosynthesis [PATH:ko00061]","11/1572","91/12410",0.613739258855863,0.996258446817366,0.978780228452149,"gene=fabF_1/gene=fabG_6/gene=acpP_1/gene=fabF/gene=fabG/gene=fabD/gene=accC/gene=fabV/gene=cfiB_1/gene=accC_1/gene=desA1",11
"99999","Others","2/1572","16/12410",0.61991447498324,0.996258446817366,0.978780228452149,"protein=Acetyltransferase/gene=yqjF_3",2
"ko04970","Salivary secretion [PATH:ko04970]","2/1572","16/12410",0.61991447498324,0.996258446817366,0.978780228452149,"gene=amyA/gene=aml",2
"ko05120","Epithelial cell signaling in Helicobacter pylori infection [PATH:ko05120]","2/1572","16/12410",0.61991447498324,0.996258446817366,0.978780228452149,"gene=traG/gene=ureC_2",2
"ko02025","Biofilm formation - Pseudomonas aeruginosa [PATH:ko02025]","9/1572","75/12410",0.621430997282551,0.996258446817366,0.978780228452149,"gene=rpfC_2/gene=gtf1_1/gene=cyaB_3/gene=lecA/gene=afsQ1/gene=clpB_2/gene=yfiN/gene=crp/gene=manC1_1",9
"ko00460","Cyanoamino acid metabolism [PATH:ko00460]","5/1572","42/12410",0.628849385608832,0.996258446817366,0.978780228452149,"gene=ggt_3/gene=ggt_2/gene=glyA1/gene=hcnC_1/gene=glyA",5
"ko00361","Chlorocyclohexane and chlorobenzene degradation [PATH:ko00361]","3/1572","25/12410",0.630105583999922,0.996258446817366,0.978780228452149,"gene=dehH2/gene=clcD_2/gene=gph_2",3
"ko00830","Retinol metabolism [PATH:ko00830]","3/1572","25/12410",0.630105583999922,0.996258446817366,0.978780228452149,"gene=adhA/gene=sadH/gene=adhB_3",3
"ko04142","Lysosome [PATH:ko04142]","3/1572","25/12410",0.630105583999922,0.996258446817366,0.978780228452149,"gene=csxA/protein=N(4)-(Beta-N-acetylglucosaminyl)-L-asparaginase/gene=uidA",3
"ko01006","Prenyltransferases [BR:ko01006]","4/1572","34/12410",0.640343872542327,0.996258446817366,0.978780228452149,"gene=crtM/gene=ispB/gene=uppS/gene=menA",4
"ko00220","Arginine biosynthesis [PATH:ko00220]","14/1572","118/12410",0.645487085528124,0.996258446817366,0.978780228452149,"gene=arcB/gene=rocF/gene=gdhA_1/gene=argE_2/gene=ureA/gene=arcC1/gene=argC/gene=arcA/gene=ureC_2/gene=argD_1/gene=argF/gene=puuA_3/gene=alaA/gene=gdh",14
"ko03060","Protein export [PATH:ko03060]","7/1572","60/12410",0.650574623154623,0.996258446817366,0.978780228452149,"gene=secE/gene=secY/gene=mdtF/gene=lepB/gene=ffh_1/gene=ftsY/gene=secA",7
"99985","Amino acid metabolism","2/1572","17/12410",0.653598016354103,0.996258446817366,0.978780228452149,"gene=cysZ/gene=eutN",2
"ko05225","Hepatocellular carcinoma [PATH:ko05225]","3/1572","26/12410",0.657185663210888,0.996258446817366,0.978780228452149,"gene=gstB_6/gene=ywrO_1/gene=kefF_3",3
"ko00750","Vitamin B6 metabolism [PATH:ko00750]","4/1572","35/12410",0.663504217846255,0.996258446817366,0.978780228452149,"gene=thrC/gene=pldh-t_2/gene=serC/gene=pdxY",4
"ko00625","Chloroalkane and chloroalkene degradation [PATH:ko00625]","7/1572","61/12410",0.668063704883582,0.996258446817366,0.978780228452149,"gene=dehH2/gene=thcA/gene=ald_2/gene=adhA/gene=adhB_3/gene=gph_2/gene=adhE",7
"ko00660","C5-Branched dibasic acid metabolism [PATH:ko00660]","7/1572","61/12410",0.668063704883582,0.996258446817366,0.978780228452149,"gene=ilvB1/gene=aldC/gene=leuD/gene=ilvI/gene=alsS/gene=ilvH/gene=budB",7
"ko04131","Membrane trafficking [BR:ko04131]","7/1572","61/12410",0.668063704883582,0.996258446817366,0.978780228452149,"gene=ndk/gene=fda/gene=ebh_4/gene=ankX_1/gene=gap/gene=gpmA_2/gene=tuf_1",7
"99982","Energy metabolism","9/1572","78/12410",0.669051649828105,0.996258446817366,0.978780228452149,"gene=cccA_1/gene=ccmF_3/gene=iscU/gene=fldA/protein=Ferredoxin/gene=ascD_2/gene=etfB/gene=fdxE/gene=rsxA",9
"ko04016","MAPK signaling pathway - plant [PATH:ko04016]","3/1572","27/12410",0.682805574229579,0.996258446817366,0.978780228452149,"gene=ndk/gene=ctpA_1/gene=katA",3
"ko00622","Xylene degradation [PATH:ko00622]","2/1572","18/12410",0.684852900463914,0.996258446817366,0.978780228452149,"gene=cbdB/gene=mhpF",2
"ko00981","Insect hormone biosynthesis [PATH:ko00981]","2/1572","18/12410",0.684852900463914,0.996258446817366,0.978780228452149,"gene=thcA/gene=ald_2",2
"ko00350","Tyrosine metabolism [PATH:ko00350]","11/1572","96/12410",0.685292292688093,0.996258446817366,0.978780228452149,"gene=hisC_3/gene=hisC_1/gene=hpcB/gene=adhA/gene=hmgA/gene=tynA_1/gene=adhB_3/gene=hisC/gene=davD_2/gene=nagK/gene=adhE",11
"ko02042","Bacterial toxins [BR:ko02042]","4/1572","36/12410",0.685626149183336,0.996258446817366,0.978780228452149,"gene=corC/gene=hcnC_1/gene=plcN_2/gene=speC_3",4
"ko00633","Nitrotoluene degradation [PATH:ko00633]","3/1572","28/12410",0.706969186857909,0.996258446817366,0.978780228452149,"gene=nfsB/gene=hyaA/gene=porB",3
"ko03440","Homologous recombination [PATH:ko03440]","9/1572","81/12410",0.712933012549576,0.996258446817366,0.978780228452149,"gene=recC/gene=dnaE_3/gene=recA_1/gene=dnaT_2/gene=ssb/gene=ssbA/gene=recF/gene=polA_2/gene=yorK",9
"ko00440","Phosphonate and phosphinate metabolism [PATH:ko00440]","2/1572","19/12410",0.713753549863218,0.996258446817366,0.978780228452149,"gene=phnL/gene=phnX",2
"ko00930","Caprolactam degradation [PATH:ko00930]","2/1572","19/12410",0.713753549863218,0.996258446817366,0.978780228452149,"gene=carC/gene=mlhB_1",2
"ko01009","Protein phosphatases and associated proteins [BR:ko01009]","2/1572","19/12410",0.713753549863218,0.996258446817366,0.978780228452149,"gene=pfkA/gene=yqaB",2
"ko05152","Tuberculosis [PATH:ko05152]","5/1572","47/12410",0.727161793055532,0.996258446817366,0.978780228452149,"gene=dnaK/gene=groL/gene=dnaK2/gene=dnaK_2/gene=cycM",5
"ko00552","Teichoic acid biosynthesis [PATH:ko00552]","6/1572","56/12410",0.729317117879196,0.996258446817366,0.978780228452149,"gene=ltaS2_1/gene=ybjG/gene=wecA_2/gene=bcrC_2/gene=brpA_3/gene=msrR_1",6
"ko00330","Arginine and proline metabolism [PATH:ko00330]","17/1572","151/12410",0.735323638131688,0.996258446817366,0.978780228452149,"gene=proC/gene=rocF/gene=puuC/gene=speB/gene=gbuA/gene=puuA/gene=thcA/gene=puuB/gene=ald_2/gene=arcB_2/gene=arcA/gene=tadA_3/gene=speA/gene=nylA_2/gene=rocA/gene=gatA_3/gene=astD",17
"ko01011","Peptidoglycan biosynthesis and degradation proteins [BR:ko01011]","23/1572","202/12410",0.740130865158734,0.996258446817366,0.978780228452149,"gene=ddlA_1/gene=pbpB/gene=mltA/gene=murG/gene=murB/gene=mepS_3/gene=ampH/gene=cwlM/gene=mepM/gene=penA/gene=pbpF/gene=alr_4/gene=lytH/gene=murG_4/gene=mepA_2/gene=ybjG/gene=slt_1/gene=bcrC_2/gene=dacA_1/gene=femX/gene=murJ/gene=mraY/gene=femX_1",23
"ko00592","alpha-Linolenic acid metabolism [PATH:ko00592]","1/1572","10/12410",0.742044311388921,0.996258446817366,0.978780228452149,"gene=nemA_2",1
"ko04070","Phosphatidylinositol signaling system [PATH:ko04070]","1/1572","10/12410",0.742044311388921,0.996258446817366,0.978780228452149,"gene=cdsA_1",1
"ko05340","Primary immunodeficiency [PATH:ko05340]","1/1572","10/12410",0.742044311388921,0.996258446817366,0.978780228452149,"gene=add2",1
"ko00730","Thiamine metabolism [PATH:ko00730]","5/1572","48/12410",0.744375258414934,0.996258446817366,0.978780228452149,"gene=thiE_2/gene=hcnC/gene=iscS/gene=adk/gene=thiE",5
"ko00333","Prodigiosin biosynthesis [PATH:ko00333]","3/1572","30/12410",0.751009142343545,0.996258446817366,0.978780228452149,"gene=fabG_6/gene=fabG/gene=fabD",3
"ko00903","Limonene and pinene degradation [PATH:ko00903]","3/1572","30/12410",0.751009142343545,0.996258446817366,0.978780228452149,"gene=thcA/gene=ald_2/gene=mlhB_1",3
"ko00500","Starch and sucrose metabolism [PATH:ko00500]","24/1572","213/12410",0.761560863518358,0.996258446817366,0.978780228452149,"protein=Cyclomaltodextrinase/gene=glgC_2/gene=licC_4/gene=amyA/gene=sacX/gene=bglA_2/gene=glk/gene=treC/gene=scrB/gene=treY/gene=malX/gene=malL_1/gene=aml/gene=crr/gene=glgA/gene=glgX_1/gene=malP_1/gene=treP/gene=gtaB/gene=algC/gene=bcsA/protein=Trehalase/gene=licC_2/gene=bglA_3",24
"ko04936","Alcoholic liver disease [PATH:ko04936]","4/1572","40/12410",0.763681947036211,0.996258446817366,0.978780228452149,"gene=mmgC_5/gene=thcA/gene=ald_2/gene=bbsG",4
"99981","Carbohydrate metabolism","2/1572","21/12410",0.764884123965969,0.996258446817366,0.978780228452149,"gene=sfsA_2/gene=bshC",2
"ko00362","Benzoate degradation [PATH:ko00362]","10/1572","94/12410",0.767989186151958,0.996258446817366,0.978780228452149,"gene=cbdB/gene=phaA/gene=fadI_1/gene=pcaF/gene=catC/gene=fadA/gene=gcdB_1/gene=mmgB/gene=gcdB_2/gene=mhpF",10
"99987","Cofactor metabolism","1/1572","11/12410",0.774746435783809,0.996258446817366,0.978780228452149,"gene=ubiB",1
"ko00571","Lipoarabinomannan (LAM) biosynthesis [PATH:ko00571]","1/1572","11/12410",0.774746435783809,0.996258446817366,0.978780228452149,"gene=pimE_1",1
"ko03450","Non-homologous end-joining [PATH:ko03450]","1/1572","11/12410",0.774746435783809,0.996258446817366,0.978780228452149,"gene=ligD_1",1
"ko04152","AMPK signaling pathway [PATH:ko04152]","1/1572","11/12410",0.774746435783809,0.996258446817366,0.978780228452149,"gene=pfkA",1
"ko04210","Apoptosis [PATH:ko04210]","1/1572","11/12410",0.774746435783809,0.996258446817366,0.978780228452149,"gene=cycM",1
"ko05417","Lipid and atherosclerosis [PATH:ko05417]","3/1572","32/12410",0.789568878536445,0.996258446817366,0.978780228452149,"gene=groL/gene=sodF1/gene=cycM",3
"99992","Structural proteins","5/1572","51/12410",0.791164529052002,0.996258446817366,0.978780228452149,"gene=mexA_2/gene=rlpA_2/gene=capC/gene=rodZ/gene=tqsA",5
"ko00380","Tryptophan metabolism [PATH:ko00380]","12/1572","114/12410",0.794310157153194,0.996258446817366,0.978780228452149,"gene=lpdG/gene=phaA/gene=fadI_1/gene=pdhD/gene=fadA/gene=thcA/gene=ald_2/gene=katG/gene=katA/gene=katG2/gene=nylA_2/gene=gatA_3",12
"99976","Replication and repair","4/1572","42/12410",0.79661872171308,0.996258446817366,0.978780228452149,"gene=dnaD_1/gene=dprA_1/gene=dnaC_3/gene=dnaD_3",4
"ko04714","Thermogenesis [PATH:ko04714]","4/1572","42/12410",0.79661872171308,0.996258446817366,0.978780228452149,"gene=nqo7/gene=petA/gene=petB/gene=ctaE",4
"ko01003","Glycosyltransferases [BR:ko01003]","11/1572","106/12410",0.802197736569093,0.996258446817366,0.978780228452149,"gene=gtf1_1/gene=cbpA_2/gene=kfoC/gene=pgaC_1/gene=pbpF/gene=ppm1/gene=glgA/gene=pimE_1/gene=bcsA/gene=wecA_2/gene=glgM_1",11
"ko01005","Lipopolysaccharide biosynthesis proteins [BR:ko01005]","11/1572","106/12410",0.802197736569093,0.996258446817366,0.978780228452149,"gene=hldE/gene=rfaF_2/gene=kdsD_1/gene=kpsU/gene=tagO/gene=rfbV/gene=wecA_2/gene=gmhA/gene=rfbX/gene=kdsA_2/gene=lpxL_1",11
"ko00590","Arachidonic acid metabolism [PATH:ko00590]","1/1572","12/12410",0.803305077847512,0.996258446817366,0.978780228452149,"gene=bsaA_2",1
"ko04011","MAPK signaling pathway - yeast [PATH:ko04011]","1/1572","12/12410",0.803305077847512,0.996258446817366,0.978780228452149,"gene=katA",1
"ko03320","PPAR signaling pathway [PATH:ko03320]","4/1572","43/12410",0.81164433645025,0.996258446817366,0.978780228452149,"gene=glpK_3/gene=mmgC_5/gene=bbsG/gene=maeA",4
"ko05133","Pertussis [PATH:ko05133]","4/1572","43/12410",0.81164433645025,0.996258446817366,0.978780228452149,"gene=hlyB/gene=ltxD/gene=tolC/gene=shlB_1",4
"ko00040","Pentose and glucuronate interconversions [PATH:ko00040]","11/1572","107/12410",0.811885171426749,0.996258446817366,0.978780228452149,"gene=tarJ/gene=uidA/gene=rkpK/gene=yagE/gene=uxaC/gene=ulaE/gene=ywqF_1/gene=gtaB/gene=rhaB_2/gene=uxaB/gene=rhaD",11
"ko04147","Exosome [BR:ko04147]","27/1572","246/12410",0.815570586475447,0.996258446817366,0.978780228452149,"gene=glpK_3/gene=dnaK/gene=lpdG/gene=phaA/gene=fadI_1/gene=tufB_2/gene=guaB/gene=pdhD/gene=etfA_1/gene=groL/gene=fda/gene=fadA/gene=dnaK2/gene=eno_3/gene=blc/protein=D-hydantoinase/gene=apt/gene=ldh_3/gene=dnaK_2/gene=tuf_2/gene=adk/gene=gap/gene=gpmA_2/gene=guaB_1/gene=puuA_3/gene=tuf_1/gene=tuf",27
"ko00430","Taurine and hypotaurine metabolism [PATH:ko00430]","3/1572","34/12410",0.823028661249407,0.996258446817366,0.978780228452149,"gene=ggt_3/gene=ggt_2/gene=gadB",3
"ko04211","Longevity regulating pathway [PATH:ko04211]","2/1572","24/12410",0.826637965239146,0.996258446817366,0.978780228452149,"gene=sodF1/gene=katA",2
"ko05131","Shigellosis [PATH:ko05131]","2/1572","24/12410",0.826637965239146,0.996258446817366,0.978780228452149,"gene=yscF/gene=cycM",2
"ko00572","Arabinogalactan biosynthesis - Mycobacterium [PATH:ko00572]","1/1572","13/12410",0.828244940536955,0.996258446817366,0.978780228452149,"gene=wecA_2",1
"ko00906","Carotenoid biosynthesis [PATH:ko00906]","1/1572","13/12410",0.828244940536955,0.996258446817366,0.978780228452149,"gene=crtM",1
"ko00562","Inositol phosphate metabolism [PATH:ko00562]","4/1572","45/12410",0.838966209285883,0.996258446817366,0.978780228452149,"gene=bauC/gene=plcN_2/gene=idhA/gene=afr",4
"99986","Glycan metabolism","2/1572","25/12410",0.843727737520818,0.996258446817366,0.978780228452149,"gene=ybhN/gene=patA_1",2
"ko00470","D-Amino acid metabolism [PATH:ko00470]","7/1572","74/12410",0.843932118701767,0.996258446817366,0.978780228452149,"gene=ddlA_1/gene=lysA/gene=dadA_1/gene=dapA_3/gene=alr_4/gene=lysA_1/gene=dapF",7
"ko00310","Lysine degradation [PATH:ko00310]","11/1572","111/12410",0.847111558157888,0.996258446817366,0.978780228452149,"gene=lpdG/gene=phaA/gene=fadI_1/gene=pdhD/gene=fadA/gene=thcA/gene=ald_2/gene=lhpD/gene=gabT_1/gene=gabT/gene=davD_2",11
"ko00997","Biosynthesis of various other secondary metabolites [PATH:ko00997]","1/1572","14/12410",0.850024318892679,0.996258446817366,0.978780228452149,"gene=iucC",1
"ko04141","Protein processing in endoplasmic reticulum [PATH:ko04141]","1/1572","14/12410",0.850024318892679,0.996258446817366,0.978780228452149,"gene=hspX_1",1
"ko01524","Platinum drug resistance [PATH:ko01524]","3/1572","36/12410",0.851834798603463,0.996258446817366,0.978780228452149,"gene=gstB_6/gene=ctpA_1/gene=cycM",3
"99973","Transcription","5/1572","56/12410",0.853920411428702,0.996258446817366,0.978780228452149,"gene=cspB_2/gene=capB_2/gene=cspC_1/gene=scoF/gene=yugI",5
"ko03110","Chaperones and folding catalysts [BR:ko03110]","21/1572","201/12410",0.856625739071483,0.996258446817366,0.978780228452149,"gene=clpY/gene=dnaK/gene=hspX_1/gene=degQ/gene=dnaJ_3/gene=mycP1/gene=groL/gene=clpE_1/gene=dnaK2/gene=grpE/gene=dsbC/gene=dnaK_2/gene=hslR/gene=atpB/gene=hslO_2/gene=cbpA/gene=clpC1_2/gene=dnaJ/gene=trxA_1/gene=fkpA_2/gene=ftsH",21
"ko04068","FoxO signaling pathway [PATH:ko04068]","2/1572","26/12410",0.859272910379978,0.996258446817366,0.978780228452149,"gene=sodF1/gene=katA",2
"ko00950","Isoquinoline alkaloid biosynthesis [PATH:ko00950]","1/1572","15/12410",0.869043500136686,0.998302404036092,0.980788326772301,"gene=tynA_1",1
"ko03021","Transcription machinery [BR:ko03021]","15/1572","151/12410",0.875072836156795,0.998302404036092,0.980788326772301,"gene=rpoC_1/gene=fecI_6/gene=sigI_1/gene=nusB/gene=sigW/gene=sigH/gene=rpoC_2/gene=rpoE/gene=sspA/gene=nusG/gene=sigK/gene=rpoC/gene=rapA/gene=rpoA/gene=rpoB",15
"ko05418","Fluid shear stress and atherosclerosis [PATH:ko05418]","3/1572","38/12410",0.876461703963377,0.998302404036092,0.980788326772301,"gene=gstB_6/gene=ywrO_1/gene=kefF_3",3
"ko00998","Biosynthesis of various antibiotics [PATH:ko00998]","1/1572","16/12410",0.885652101813582,0.998302404036092,0.980788326772301,"gene=acpP_1",1
"ko04013","MAPK signaling pathway - fly [PATH:ko04013]","1/1572","16/12410",0.885652101813582,0.998302404036092,0.980788326772301,"gene=sodF1",1
"ko04146","Peroxisome [PATH:ko04146]","5/1572","60/12410",0.892047358374265,0.998302404036092,0.980788326772301,"gene=icd_2/gene=icd/gene=galK_2/gene=sodF1/gene=katA",5
"ko04727","GABAergic synapse [PATH:ko04727]","2/1572","29/12410",0.897784353433239,0.998302404036092,0.980788326772301,"gene=gadB/gene=puuA_3",2
"ko04213","Longevity regulating pathway - multiple species [PATH:ko04213]","3/1572","41/12410",0.906601351226927,0.998302404036092,0.980788326772301,"gene=cyaB_3/gene=sodF1/gene=katA",3
"ko00540","Lipopolysaccharide biosynthesis [PATH:ko00540]","7/1572","82/12410",0.908546451284118,0.998302404036092,0.980788326772301,"gene=hldE/gene=rfaF_2/gene=kdsD_1/gene=kpsU/gene=gmhA/gene=kdsA_2/gene=lpxL_1",7
"ko00600","Sphingolipid metabolism [PATH:ko00600]","1/1572","19/12410",0.92387960601455,0.998302404036092,0.980788326772301,"gene=lacZ_2",1
"ko00071","Fatty acid degradation [PATH:ko00071]","11/1572","126/12410",0.935498230116105,0.998302404036092,0.980788326772301,"gene=phaA/gene=fadI_1/gene=mmgC_5/gene=fadA/gene=thcA/gene=ald_2/gene=bbsG/gene=mmgC/gene=adhA/gene=adhB_3/gene=adhE",11
"ko00980","Metabolism of xenobiotics by cytochrome P450 [PATH:ko00980]","3/1572","45/12410",0.936417181389888,0.998302404036092,0.980788326772301,"gene=gstB_6/gene=adhA/gene=adhB_3",3
"ko00982","Drug metabolism - cytochrome P450 [PATH:ko00982]","3/1572","46/12410",0.942353370529347,0.998302404036092,0.980788326772301,"gene=gstB_6/gene=adhA/gene=adhB_3",3
"ko05132","Salmonella infection [PATH:ko05132]","3/1572","47/12410",0.947771838811495,0.998302404036092,0.980788326772301,"gene=yscF/gene=gap/gene=cycM",3
"ko00199","Cytochrome P450 [BR:ko00199]","1/1572","22/12410",0.949332667696798,0.998302404036092,0.980788326772301,"gene=cypX",1
"99995","Signaling proteins","2/1572","36/12410",0.952764985395397,0.998302404036092,0.980788326772301,"gene=yceD_3/gene=cstA_2",2
"ko02030","Bacterial chemotaxis [PATH:ko02030]","10/1572","122/12410",0.955352559460371,0.998302404036092,0.980788326772301,"gene=cheV_1/gene=cheW_1/gene=tap_2/gene=pomA_1/gene=cheW/gene=mcpB_3/gene=mcpU_3/gene=cheR_2/gene=cheR/gene=motB_1",10
"ko02022","Two-component system [BR:ko02022]","35/1572","355/12410",0.958694325457507,0.998302404036092,0.980788326772301,"gene=vraR_3/gene=cheV_1/gene=cpdR_2/gene=rpfC_2/gene=pgtB/gene=mtrA/gene=phoR/gene=nreC/gene=mprA_1/gene=ntrC/gene=walR_3/gene=senX3/gene=rstA_1/gene=walK/gene=agrA_2/gene=regA/gene=dctB/gene=phoP/gene=glrR/gene=kdpD/gene=narL_2/gene=afsQ1/gene=ypdB/gene=tmoS_1/gene=phoB_2/gene=nreB/gene=phoB/gene=cusS_4/gene=qseC/gene=kdpE_3/gene=zraR_1/gene=vraR_2/gene=cckA_2/gene=pleD/gene=rcsC",35
"ko01503","Cationic antimicrobial peptide (CAMP) resistance [PATH:ko01503]","7/1572","93/12410",0.959163061675545,0.998302404036092,0.980788326772301,"gene=bceA_2/gene=degQ/gene=rstA_1/gene=cwlM/gene=lysX_1/gene=tolC/gene=acrF",7
"ko04724","Glutamatergic synapse [PATH:ko04724]","1/1572","25/12410",0.966278320500262,0.998302404036092,0.980788326772301,"gene=puuA_3",1
"ko00760","Nicotinate and nicotinamide metabolism [PATH:ko00760]","7/1572","96/12410",0.967632992592008,0.998302404036092,0.980788326772301,"gene=pntA_1/gene=pncC/gene=pncA/gene=pntB_2/gene=pncB2_2/gene=surE/gene=davD_2",7
"ko05204","Chemical carcinogenesis - DNA adducts [PATH:ko05204]","1/1572","26/12410",0.970558536905073,0.998302404036092,0.980788326772301,"gene=gstB_6",1
"ko05206","MicroRNAs in cancer [PATH:ko05206]","1/1572","26/12410",0.970558536905073,0.998302404036092,0.980788326772301,"gene=hhaIM_2",1
"ko01053","Biosynthesis of siderophore group nonribosomal peptides [PATH:ko01053]","1/1572","28/12410",0.977558882659143,0.998302404036092,0.980788326772301,"gene=lgrD_7",1
"ko00627","Aminobenzoate degradation [PATH:ko00627]","3/1572","56/12410",0.97910728080524,0.998302404036092,0.980788326772301,"gene=nylA_2/gene=gatA_3/gene=ydiF",3
"ko00910","Nitrogen metabolism [PATH:ko00910]","9/1572","124/12410",0.981202356186561,0.998302404036092,0.980788326772301,"gene=mtcA1/gene=narT/gene=cynT/gene=gdhA_1/gene=arcC1/gene=gltB_2/gene=puuA_3/gene=narB/gene=gdh",9
"ko05207","Chemical carcinogenesis - receptor activation [PATH:ko05207]","1/1572","30/12410",0.982895548019886,0.998302404036092,0.980788326772301,"gene=gstB_6",1
"ko04217","Necroptosis [PATH:ko04217]","1/1572","35/12410",0.991326755608992,0.998302404036092,0.980788326772301,"gene=puuA_3",1
"99975","Protein processing","2/1572","56/12410",0.995427289619414,0.998302404036092,0.980788326772301,"gene=ureF/gene=pucA",2
"ko01001","Protein kinases [BR:ko01001]","17/1572","232/12410",0.996921931658965,0.998302404036092,0.980788326772301,"gene=rpfC_2/gene=pgtB/gene=prkC/gene=phoR/gene=senX3/gene=walK/gene=dctB/gene=kdpD/gene=tmoS_1/gene=nreB/gene=hipA_1/gene=cusS_4/gene=hipA/gene=qseC/gene=spkB_6/gene=cckA_2/gene=rcsC",17
"99978","Cell growth","5/1572","103/12410",0.99777783516578,0.998302404036092,0.980788326772301,"gene=mapZ/gene=tnpR_2/gene=bchL/gene=lytB_2/gene=gerAC",5
"99996","General function prediction only","6/1572","118/12410",0.998277691509836,0.998302404036092,0.980788326772301,"gene=yjdF/gene=ydjM/gene=sufD/gene=yagU/gene=ydgH/gene=pheT_1",6
"ko01008","Polyketide biosynthesis proteins [BR:ko01008]","1/1572","47/12410",0.998302404036092,0.998302404036092,0.980788326772301,"gene=lgrD_7",1
